url,label
https://google.com,0
https://www.microsoft.com,0
https://www.amazon.com,0
https://www.wikipedia.org,0
https://github.com,0
https://www.python.org,0
https://www.apple.com,0
https://www.linkedin.com,0
https://www.nasa.gov,0
https://www.ibm.com,0
https://www.oracle.com,0
https://www.adobe.com,0
https://www.netflix.com,0
https://www.bbc.com,0
https://www.cnn.com,0
https://www.mozilla.org,0
https://www.python.org/downloads/,0
https://docs.python.org/3/,0
https://developer.mozilla.org/en-US/,0
https://stackoverflow.com/questions,0
https://www.kaggle.com/datasets,0
http://192.168.1.5/login/verify-account,1
http://secure-login-account.example.com/verify,1
http://paypal-login-security.example.com/account/update,1
http://banking-secure.example.net/login/confirm,1
http://free-bonus-claim.example.org/winner,1
http://account-verify.example.com/password/reset,1
http://signin-security.example.net/secure/account,1
http://wallet-payment.example.org/confirm?login=true,1
http://verify-user-account.example.com/update/password,1
http://secure-bank-login.example.net/verify/account,1
http://claim-free-bonus.example.org/login,1
http://192.168.10.20/secure/login,1
http://login-confirm-account.example.com/verify?user=abc&password=1,1
http://paypal.com@evil.example.net/login,1
http://secure.verify.account.example.com/login/update,1
http://bank-account-security.example.org/confirm,1
